{
  "Circulation": {
    "hr": 62,
    "sbv": 500,
    "k": [0.15290159,  0.06062004,  0.10144133,  0.37423591, -0.01013541,  0.01338657, 0.03412392,  0.27342605]
  },

  "Capacitances": {
    "cvp": 8.0,
    "cas": 1.32,
    "cvs": 70.0,
    "cap": 13.0
  },

    "Resistances": {
    "rvp": 0.015,
    "rcs": 0.090,
    "ras": 0.900,
    "rvs": 0.015,
    "rcp": 0.020,
    "rap": 0.300,
    "rav": 0.025,
    "rmvb": 1e20,
    "rtvb": 1e20
  },

  "Solver": {
    "cutoff": 0.01,
    "iter_max": 50,
    "n_inc": 1200
  },

  "Heart": {
    "vs": 20000,
    "ys" : 30,
    "c" : 0.0,
    "patches": [0, 1, 2, 3, 4],
    "am_ref": [6337, 8241, 2880, 4213, 3053],
    "wv": [68600, 40470, 31200, 6402, 2838],
    "ls_ref": [2.0, 2.0, 2.0, 2.0, 2.0],
    "ls_eiso": [0.04, 0.04, 0.04, 0.04, 0.04],
    "lsc0": [1.51, 1.51, 1.51, 1.51, 1.51],
    "v_max": [7e-3, 7e-3, 7e-3, 14e-3, 14e-3],
    "tr": [0.25, 0.25, 0.25, 0.40, 0.40],
    "td": [0.25, 0.25, 0.25, 0.40, 0.40],
    "tad": [200, 200, 200, 80, 80],
    "sf_act": [0.150, 0.150, 0.150, 0.060, 0.060],
    "c_1": [1e-5, 1e-5, 1e-5, 1.60e-3, 1.60e-3],
    "c_3": [5.23e-4, 5.23e-4, 5.23e-4, 0.017e-3, 0.017e-3],
    "c_4": [10.0, 10.0, 10.0, 10.0, 10.0],
    "t_act": [80, 80, 80, 0, 0],
    "ischemic": [0, 0, 0, 0, 0]
  },

  "Pericardium": {
    "thickness": 0.0,
    "c_1": 1.59e-1,
    "c_3": 8.41e-3,
    "c_4": 3.47e1,
    "pre_stretch": 1.0
},

  "Growth": {
    "type": "transverse_jones",
    "time": [-1, 0, 2, 4, 6, 8, 10, 12, 14, 16, 18, 20, 22, 24, 26, 28, 30, 32, 34, 36, 38, 40, 42, 44, 46, 48, 50, 52, 54, 56, 58, 60, 62, 64, 66, 68, 70, 72, 74, 76, 78, 80, 82, 84, 86, 88, 90],
	"hr": [62.0, 118.0, 117.2, 116.5, 115.7, 115.0, 114.2, 113.5, 112.7, 112.0, 111.2, 110.4, 109.7, 108.9, 108.2, 107.4, 106.7, 105.9, 105.2, 104.4, 103.6, 102.9, 102.1, 101.4, 100.6, 99.9, 99.1, 98.4, 97.6, 96.8, 96.1, 95.3, 94.6, 93.8, 93.1, 92.3, 91.6, 90.8, 90.0, 89.3, 88.5, 87.8, 87.0, 86.3, 85.5, 84.8, 84.0],
    "sbv": [500, 500, 500, 500, 500, 500, 500, 500, 500, 500, 500, 500, 500, 500, 500, 500, 500, 500, 500, 500, 500, 500, 500, 500, 500, 500, 500, 500, 500, 500, 500, 500, 500, 500, 500, 500, 500, 500, 500, 500, 500, 500, 500, 500, 500, 500, 500],
	"rmvb": [1e10, 1e10, 1e10, 1e10, 1e10, 1e10, 1e10, 1e10, 1e10, 1e10, 1e10, 1e10, 1e10, 1e10, 1e10, 1e10, 1e10, 1e10, 1e10, 1e10, 1e10, 1e10, 1e10, 1e10, 1e10, 1e10, 1e10, 1e10, 1e10, 1e10, 1e10, 1e10, 1e10, 1e10, 1e10, 1e10, 1e10, 1e10, 1e10, 1e10, 1e10, 1e10, 1e10, 1e10, 1e10, 1e10, 1e10],
	"ras": [1.0, 1.0, 1.0, 1.0, 1.0, 1.0, 1.0, 1.0, 1.0, 1.0, 1.0, 1.0, 1.0, 1.0, 1.0, 1.0, 1.0, 1.0, 1.0, 1.0, 1.0, 1.0, 1.0, 1.0, 1.0, 1.0, 1.0, 1.0, 1.0, 1.0, 1.0, 1.0, 1.0, 1.0, 1.0, 1.0, 1.0, 1.0, 1.0, 1.0, 1.0, 1.0, 1.0, 1.0, 1.0, 1.0, 1.0],
    "ischemic": [
      {
        "ischemic": [0, 0, 0, 0, 0],
        "t_init": 0
      }
    ],
    "t_act": [
      {
        "t_act": [80, 80, 80, 0, 0],
        "t_init": 0
      }
    ],
    "f_gmax_pos_l": 0.1,
    "f_gmax_neg_l": 0.03,
    "n_pos_l": 3,
    "n_neg_l": 9,
    "s_50_pos_l": 0.075,
    "s_50_neg_l": 0.11,
    "f_gmax_pos_r": 0.1,
    "f_gmax_neg_r": 0.03,
    "n_pos_r": 3,
    "n_neg_r": 9,
    "s_50_pos_r": 0.075,
    "s_50_neg_r": 0.11,
    "fr_ratio": 1,
    "t_mem": 45,
    "growing_walls": [0, 2]
  }
}
