{
  "Circulation": {
    "hr": 80,
    "sbv": 1000,
    "k": [0.04902245, 0.04019287, 0.05067002, 0.08323538, 0.37226223, 0.02226474, 0.04499678, 0.33735554]
  },

  "Capacitances": {
    "cvp": 8.0,
    "cas": 1.12,
    "cvs": 70.0,
    "cap": 13.0
  },

    "Resistances": {
    "rvp": 0.015,
    "rcs": 0.090,
    "ras": 1.1000,
    "rvs": 0.015,
    "rcp": 0.020,
    "rap": 0.300,
    "rav": 0.025,
    "rmvb": 1e20,
    "rtvb": 1e20
  },

  "Solver": {
    "cutoff": 0.01,
    "iter_max": 50,
    "n_inc": 2000
  },

  "Heart": {
    "vs": 20000,
    "ys" : 30,
    "c" : 0.0,
    "patches": [0, 1, 2, 3, 4],
    "am_ref": [6000, 8241, 2880, 4213, 3053],
    "wv": [40800, 40470, 33070, 6402, 2838],
    "ls_ref": [2.0, 2.0, 2.0, 2.0, 2.0],
    "ls_eiso": [0.04, 0.04, 0.04, 0.04, 0.04],
    "lsc0": [1.51, 1.51, 1.51, 1.51, 1.51],
    "v_max": [7e-3, 7e-3, 7e-3, 14e-3, 14e-3],
    "tr": [0.25, 0.25, 0.25, 0.40, 0.40],
    "td": [0.25, 0.25, 0.25, 0.40, 0.40],
    "tad": [200, 200, 200, 80, 80],
    "sf_act": [0.150, 0.150, 0.150, 0.060, 0.060],
    "c_1": [1e-5, 1e-5, 1e-5, 1.60e-3, 1.60e-3],
    "c_3": [5.23e-4, 5.23e-4, 5.23e-4, 0.017e-3, 0.017e-3],
    "c_4": [10.0, 10.0, 10.0, 10.0, 10.0],
    "t_act": [80, 80, 80, 0, 0],
    "ischemic": [0, 0, 0, 0, 0]
  },

  "Pericardium": {
    "thickness": 0.0,
    "c_1": 1.59e-1,
    "c_3": 8.41e-3,
    "c_4": 3.47e1,
    "pre_stretch": 1.0
},

  "Growth": {
    "type": "transverse_jones",
    "time": [-1, 0, 2, 4, 6, 8, 10, 12, 14, 16, 18, 20, 22, 24, 26, 28, 30, 32, 34, 36, 38, 40, 42, 44, 46, 48, 50, 52, 54, 56, 58, 60, 62, 64, 66, 68, 70, 72, 74, 76, 78, 80, 82, 84, 86, 88, 90],
    "hr": [80, 80, 80, 80, 80, 80, 80, 80, 80, 80, 80, 80, 80, 80, 80, 80, 80, 80, 80, 80, 80, 80, 80, 80, 80, 80, 80, 80, 80, 80, 80, 80, 80, 80, 80, 80, 80, 80, 80, 80, 80, 80, 80, 80, 80, 80, 80],
    "rmvb": [1e10, 0.3, 0.3, 0.3, 0.3, 0.3, 0.3, 0.3, 0.3, 0.3, 0.3, 0.3, 0.3, 0.3, 0.3, 0.3, 0.3, 0.3, 0.3, 0.3, 0.3, 0.3, 0.3, 0.3, 0.3, 0.3, 0.3, 0.3, 0.3, 0.3, 0.3, 0.3, 0.3, 0.3, 0.3, 0.3, 0.3, 0.3, 0.3, 0.3, 0.3, 0.3, 0.3, 0.3, 0.3, 0.3, 0.3],
    "sbv": [1000, 1000, 1000, 1000, 1000, 1000, 1000, 1000, 1000, 1000, 1000, 1000, 1000, 1000, 1000, 1000, 1000, 1000, 1000, 1000, 1000, 1000, 1000, 1000, 1000, 1000, 1000, 1000, 1000, 1000, 1000, 1000, 1000, 1000, 1000, 1000, 1000, 1000, 1000, 1000, 1000, 1000, 1000, 1000, 1000, 1000, 1000],
    "ras": [1.1, 1.1, 1.1, 1.1, 1.1, 1.1, 1.1, 1.1, 1.1, 1.1, 1.1, 1.1, 1.1, 1.1, 1.1, 1.1, 1.1, 1.1, 1.1, 1.1, 1.1, 1.1, 1.1, 1.1, 1.1, 1.1, 1.1, 1.1, 1.1, 1.1, 1.1, 1.1, 1.1, 1.1, 1.1, 1.1, 1.1, 1.1, 1.1, 1.1, 1.1, 1.1, 1.1, 1.1, 1.1, 1.1, 1.1],
    "ischemic": [
      {
        "ischemic": [0, 0, 0, 0, 0],
        "t_init": 0
      }
    ],
    "t_act": [
      {
        "t_act": [80, 80, 80, 0, 0],
        "t_init": 0
      }
    ],
    "fgmax_f_plus": 0.1,
    "fgmax_f_min": 0.1,
    "n_f_plus": 3,
    "n_f_min": 3,
    "s50_f_plus": 0.075 ,
    "s50_f_min": 0.075,
    "fgmax_r_plus": 0.05,
    "fgmax_r_plus": 0.05,
    "n_r_plus": 3,
    "n_r_min": 9,
    "s50_r_plus": 0.075,
    "s50_r_min": 0.18,
    "fr_ratio": 1,
    "t_mem": 10000,
    "growing_walls": [0, 2]
  }
}
