{
  "Circulation": {
    "hr": 88,
    "sbv": 500,
    "k": [0.15290159,  0.06062004,  0.10144133,  0.37423591, -0.01013541,  0.01338657, 0.03412392,  0.27342605]
  },

  "Capacitances": {
    "cvp": 8.0,
    "cas": 1.12,
    "cvs": 70.0,
    "cap": 13.0
  },

    "Resistances": {
    "rvp": 0.015,
    "rcs": 0.090,
    "ras": 0.900,
    "rvs": 0.015,
    "rcp": 0.020,
    "rap": 0.300,
    "rav": 0.025,
    "rmvb": 1e20,
    "rtvb": 1e20
  },

  "Solver": {
    "cutoff": 0.01,
    "iter_max": 50,
    "n_inc": 1800
  },

  "Heart": {
    "vs": 20000,
    "ys" : 30,
    "c" : 0.0,
    "patches": [0, 1, 2, 3, 4],
    "am_ref": [6000, 8241, 2880, 4213, 3053],
    "wv": [48800, 40470, 33070, 6402, 2838],
    "ls_ref": [2.0, 2.0, 2.0, 2.0, 2.0],
    "ls_eiso": [0.04, 0.04, 0.04, 0.04, 0.04],
    "lsc0": [1.51, 1.51, 1.51, 1.51, 1.51],
    "v_max": [7e-3, 7e-3, 7e-3, 14e-3, 14e-3],
    "tr": [0.25, 0.25, 0.25, 0.40, 0.40],
    "td": [0.25, 0.25, 0.25, 0.40, 0.40],
    "tad": [200, 200, 200, 80, 80],
    "sf_act": [0.150, 0.150, 0.150, 0.060, 0.060],
    "c_1": [1e-5, 1e-5, 1e-5, 1.60e-3, 1.60e-3],
    "c_3": [5.23e-4, 5.23e-4, 5.23e-4, 0.017e-3, 0.017e-3],
    "c_4": [10.0, 10.0, 10.0, 10.0, 10.0],
    "t_act": [80, 80, 80, 0, 0],
    "ischemic": [0, 0, 0, 0, 0]
  },

  "Pericardium": {
    "thickness": 0.0,
    "c_1": 1.59e-1,
    "c_3": 8.41e-3,
    "c_4": 3.47e1,
    "pre_stretch": 1.0
},

  "Growth": {
    "time": [-1, 0, 2, 4, 6, 8, 10, 12, 14, 16, 18, 20, 22, 24, 26, 28, 30, 32, 34, 36, 38, 40, 42, 44, 46, 48, 50, 52, 54, 56, 58, 60, 62, 64, 66, 68, 70, 72, 74, 76, 78, 80, 82, 84, 86, 88, 90],
    "dt": 1,
    "hr": [88,	128, 125.6, 123.2, 120.8, 118.4, 116, 113.6, 111.2, 108.8, 106.4, 104, 101.6, 99.2, 96.8, 94.4, 92, 91.7, 91.4, 91.1, 90.8, 90.5, 90.2, 89.9, 89.6, 89.3, 89, 88.7, 88.4, 88.1, 87.8, 87.5, 87.2, 86.9, 86.6, 86.3, 86, 85.7, 85.4, 85.1, 84.8, 84.5, 84.2, 83.9, 83.6, 83.3, 83],
    "rmvb": [1e10, 0.3, 0.3, 0.3, 0.3, 0.3, 0.3, 0.3, 0.3, 0.3, 0.3, 0.3, 0.3, 0.3, 0.3, 0.3, 0.3, 0.3, 0.3, 0.3, 0.3, 0.3, 0.3, 0.3, 0.3, 0.3, 0.3, 0.3, 0.3, 0.3, 0.3, 0.3, 0.3, 0.3, 0.3, 0.3, 0.3, 0.3, 0.3, 0.3, 0.3, 0.3, 0.3, 0.3, 0.3, 0.3, 0.3],
    "sbv": [500, 500, 500, 500, 500, 500, 500, 500, 500, 500, 500, 500, 500, 500, 500, 500, 500, 500, 500, 500, 500, 500, 500, 500, 500, 500, 500, 500, 500, 500, 500, 500, 500, 500, 500, 500, 500, 500, 500, 500, 500, 500, 500, 500, 500, 500, 500],
    "ras": [0.9, 0.9, 0.9, 0.9, 0.9, 0.9, 0.9, 0.9, 0.9, 0.9, 0.9, 0.9, 0.9, 0.9, 0.9, 0.9, 0.9, 0.9, 0.9, 0.9, 0.9, 0.9, 0.9, 0.9, 0.9, 0.9, 0.9, 0.9, 0.9, 0.9, 0.9, 0.9, 0.9, 0.9, 0.9, 0.9, 0.9, 0.9, 0.9, 0.9, 0.9, 0.9, 0.9, 0.9, 0.9, 0.9, 0.9],
    "ischemic": [
      {
        "ischemic": [0, 0, 0, 0, 0],
        "t_init": 0
      }
    ],
    "t_act": [
      {
        "t_act": [80, 80, 80, 0, 0],
        "t_init": 0
      }
    ],
    "f_gmax_pos_l": 0.05,
    "f_gmax_neg_l": 0.05,
    "n_pos_l": 3,
    "n_neg_l": 3,
    "s_50_pos_l": 0.075 ,
    "s_50_neg_l": 0.075,
    "f_gmax_pos_r": 0.05,
    "f_gmax_neg_r": 0.05,
    "n_pos_r": 3,
    "n_neg_r": 9,
    "s_50_pos_r": 0.075,
    "s_50_neg_r": 0.25,
    "fr_ratio": 1,
    "t_mem": 45,
    "growing_walls": [0, 2]
  }
}
